Quantum Script Name,Functionality,Potential Applications,Quantum Mechanisms Used
Quantum Search Algorithm,Implements Grover's algorithm for fast searching.,"Database search, pattern recognition","Superposition, Amplitude Amplification"
Quantum Cryptography Suite,Generates secure quantum encryption keys (QKD).,"Secure communication, cybersecurity","Entanglement, Quantum Key Distribution (QKD)"
Quantum Machine Learning,Enhances classical ML models using quantum data structures.,"AI optimization, deep learning, big data","Quantum Superposition, Quantum Interference"
Quantum Simulation Engine,Simulates molecular structures for chemistry and physics.,"Drug discovery, materials science","Quantum Phase Estimation, Entanglement"
Quantum Circuit Optimizer,Minimizes quantum gate depth for efficient circuits.,Reducing noise in quantum computations,"Quantum Error Correction, Quantum Compilation"
Quantum Random Number Generator,Generates truly random numbers using quantum mechanics.,"Cryptography, secure transactions","Quantum Entanglement, Measurement Uncertainty"
Quantum Finance Model,Optimizes financial portfolios using quantum algorithms.,"Risk analysis, trading strategies","Quantum Annealing, Superposition"
Quantum Traffic Flow Model,Optimizes urban traffic systems with quantum algorithms.,"Smart cities, real-time navigation","Quantum Optimization, Quantum Interference"
Quantum Game Theory Model,Enhances decision-making strategies using quantum states.,"Economics, strategic simulations","Quantum Entanglement, Quantum Nash Equilibrium"
Quantum Blockchain Protocol,Secures blockchain transactions with quantum encryption.,Future-proofing against quantum attacks,"Quantum Cryptography, Quantum Hashing"
